-- Zoko Luxury Mall - Complete Database Seed Script
-- Populates 10 Categories, 10 Brands, and exactly 100 Premium Products with realistic options, variants, and shipping methods.

-- ====================================================
-- 1. SEED CATEGORIES
-- ====================================================
insert into public.categories (id, name, slug, description, image_url) values
('c0000000-0000-0000-0000-000000000001', 'Electronics', 'electronics', 'High-end audio, visual, and smart tech devices.', 'https://images.unsplash.com/photo-1505740420928-5e560c06d30e?q=80&w=600'),
('c0000000-0000-0000-0000-000000000002', 'Smartphones', 'smartphones', 'Flagship and premium modern mobile devices.', 'https://images.unsplash.com/photo-1511707171634-5f897ff02aa9?q=80&w=600'),
('c0000000-0000-0000-0000-000000000003', 'Laptops', 'laptops', 'Powerful computation units for work, creativity, and gaming.', 'https://images.unsplash.com/photo-1496181130204-7552cc145cdb?q=80&w=600'),
('c0000000-0000-0000-0000-000000000004', 'Fashion', 'fashion', 'Designer clothing, outerwear, and wardrobe essentials.', 'https://images.unsplash.com/photo-1483985988355-763728e1935b?q=80&w=600'),
('c0000000-0000-0000-0000-000000000005', 'Shoes', 'shoes', 'Premium sneakers, athletic wear, and formal dress shoes.', 'https://images.unsplash.com/photo-1542291026-7eec264c27ff?q=80&w=600'),
('c0000000-0000-0000-0000-000000000006', 'Beauty', 'beauty', 'Haircare, skincare, fragrance, and premium styling tech.', 'https://images.unsplash.com/photo-1596462502278-27bfdc403348?q=80&w=600'),
('c0000000-0000-0000-0000-000000000007', 'Home', 'home', 'Air purifiers, smart lighting, decor, and automation.', 'https://images.unsplash.com/photo-1484154218962-a197022b5858?q=80&w=600'),
('c0000000-0000-0000-0000-000000000008', 'Furniture', 'furniture', 'Luxury armchairs, office set-ups, beds, and modular systems.', 'https://images.unsplash.com/photo-1524758631624-e2822e304c36?q=80&w=600'),
('c0000000-0000-0000-0000-000000000009', 'Kitchen', 'kitchen', 'Smart appliances, knives, professional dinnerware, and utility.', 'https://images.unsplash.com/photo-1556911220-e15b29be8c8f?q=80&w=600'),
('c0000000-0000-0000-0000-000000000010', 'Fitness', 'fitness', 'Smart wearables, training bags, dumbbells, and active accessories.', 'https://images.unsplash.com/photo-1517838277536-f5f99be501cd?q=80&w=600');

-- ====================================================
-- 2. SEED BRANDS
-- ====================================================
insert into public.brands (id, name, slug, logo_url, description) values
('b0000000-0000-0000-0000-000000000001', 'Apple', 'apple', 'https://logo.clearbit.com/apple.com', 'Innovative designer of consumer electronics and computers.'),
('b0000000-0000-0000-0000-000000000002', 'Samsung', 'samsung', 'https://logo.clearbit.com/samsung.com', 'Global leader in display panels, smart chips, and home appliances.'),
('b0000000-0000-0000-0000-000000000003', 'Sony', 'sony', 'https://logo.clearbit.com/sony.com', 'Legendary Japanese engineering in audio, optics, and gaming systems.'),
('b0000000-0000-0000-0000-000000000004', 'Nike', 'nike', 'https://logo.clearbit.com/nike.com', 'The ultimate athletic, streetwear, and sportswear active brand.'),
('b0000000-0000-0000-0000-000000000005', 'Adidas', 'adidas', 'https://logo.clearbit.com/adidas.com', 'Premium German athletic brand offering casual elegance.'),
('b0000000-0000-0000-0000-000000000006', 'L''Oreal', 'loreal', 'https://logo.clearbit.com/loreal.com', 'World leader in cellular skincare, premium cosmetics, and haircare.'),
('b0000000-0000-0000-0000-000000000007', 'Dyson', 'dyson', 'https://logo.clearbit.com/dyson.com', 'Premium airflow engineering in vacuums, purifiers, and beauty tools.'),
('b0000000-0000-0000-0000-000000000008', 'IKEA', 'ikea', 'https://logo.clearbit.com/ikea.com', 'Beautiful, modular, Scandinavian home furniture and accessories.'),
('b0000000-0000-0000-0000-000000000009', 'Under Armour', 'under-armour', 'https://logo.clearbit.com/underarmour.com', 'High-performance moisture-wicking and training fabrics.'),
('b0000000-0000-0000-0000-000000000010', 'Dell', 'dell', 'https://logo.clearbit.com/dell.com', 'High-tier productivity laptops, computers, and visual displays.');

-- ====================================================
-- 3. SEED SHIPPING METHODS & COUPONS
-- ====================================================
insert into public.shipping_methods (id, name, description, cost, estimated_days) values
(gen_random_uuid(), 'Standard Logistics', 'Reliable nationwide ground shipping', 2000.00, '3-5 business days'),
(gen_random_uuid(), 'Priority Express', 'High-speed air freight with priority packaging', 5000.00, '1-2 business days'),
(gen_random_uuid(), 'VIP Dedicated Concierge', 'Same-day luxury courier with dynamic tracking', 12000.00, 'Same day (Lagos/Abuja)');

insert into public.coupons (id, code, discount_type, discount_value, min_order_value, expires_at, is_active) values
(gen_random_uuid(), 'WELCOME100', 'percentage', 10.00, 10000.00, now() + interval '365 days', true),
(gen_random_uuid(), 'ZOKOLUXURY', 'fixed', 5000.00, 50000.00, now() + interval '90 days', true),
(gen_random_uuid(), 'FREESHIPNGR', 'fixed', 2000.00, 25000.00, now() + interval '180 days', true);


-- ====================================================
-- 4. SEED PRODUCTS (100 products total, 10 per category)
-- ====================================================

-- Helper script function to seed products safely
-- We will write static insert statements for transparency and compatibility

-- Category 1: Electronics (c0000000-0000-0000-0000-000000000001)
insert into public.products (id, category_id, brand_id, name, slug, description, long_description, sku, price, sale_price, discount, rating, reviews_count, inventory, options, status) values
('p0000000-0000-0000-0000-000000000001', 'c0000000-0000-0000-0000-000000000001', 'b0000000-0000-0000-0000-000000000003', 'Sony WH-1000XM5 ANC Headphones', 'sony-wh-1000xm5-headphones', 'Premium wireless noise-cancelling overhead headphones.', 'Immerse yourself in high-fidelity audio with Sony industry-leading active noise cancelling (ANC) processor. Includes smart listening, wearing sensors, and up to 30 hours of battery life.', 'SONY-WH-XM5', 450000.00, 399000.00, 11.33, 4.85, 234, 45, '[{"name": "Color", "values": ["Black", "Silver", "Midnight Blue"]}]'::jsonb, 'active'),
('p0000000-0000-0000-0000-000000000002', 'c0000000-0000-0000-0000-000000000001', 'b0000000-0000-0000-0000-000000000003', 'Sony HT-A7000 Dolby Atmos Soundbar', 'sony-ht-a7000-soundbar', 'Masterclass home theatre soundbar with 7.1.2 virtual surround channels.', 'Experience cinema-quality acoustics inside your home. Integrated dual subwoofers and up-firing drivers create realistic surround effects.', 'SONY-HT-A7000', 1350000.00, 1250000.00, 7.41, 4.72, 89, 15, '[{"name": "Bundle", "values": ["Standard", "With Subwoofer", "Full Home Theater"]}]'::jsonb, 'active'),
('p0000000-0000-0000-0000-000000000003', 'c0000000-0000-0000-0000-000000000001', 'b0000000-0000-0000-0000-000000000001', 'Apple HomePod 2nd Gen Speaker', 'apple-homepod-2-speaker', 'Acoustic power meets intelligent Siri smart-home control.', 'Rich, deep bass and crystal-clear highs fine-tuned by a powerful computational audio model. Seamlessly interacts with your Apple devices.', 'APL-HOMEPOD2', 380000.00, 350000.00, 7.89, 4.65, 120, 30, '[{"name": "Color", "values": ["White", "Midnight"]}]'::jsonb, 'active'),
('p0000000-0000-0000-0000-000000000004', 'c0000000-0000-0000-0000-000000000001', 'b0000000-0000-0000-0000-000000000003', 'Sony BRAVIA XR 65-Inch OLED TV', 'sony-bravia-xr-65-oled-tv', 'Ultimate contrast OLED TV powered by Cognitive Processor XR.', 'Vibrant real-life colors and deep perfect blacks. Seamlessly optimized for next-gen gaming consoles and streaming cinema apps.', 'SONY-BRV-OLED65', 2800000.00, 2650000.00, 5.36, 4.91, 54, 10, '[{"name": "Warranty", "values": ["1 Year", "2 Year", "3 Year"]}]'::jsonb, 'active'),
('p0000000-0000-0000-0000-000000000005', 'c0000000-0000-0000-0000-000000000001', 'b0000000-0000-0000-0000-000000000001', 'Apple TV 4K 128GB Wi-Fi + Ethernet', 'apple-tv-4k-128gb-ethernet', 'High-end dynamic streaming box with Apple A15 Bionic chip.', 'Transforms any television into an intelligent cinematic smart hub. Enjoy true HDR10+ visuals and Dolby Atmos spatial audio configurations.', 'APL-TV4K-128', 190000.00, 185000.00, 2.63, 4.88, 432, 70, '[{"name": "Storage", "values": ["64GB", "128GB"]}]'::jsonb, 'active'),
('p0000000-0000-0000-0000-000000000006', 'c0000000-0000-0000-0000-000000000001', 'b0000000-0000-0000-0000-000000000010', 'Dell Professional Soundbar Speaker', 'dell-professional-soundbar-sb521a', 'Sleek, magnetic mount audio accessory for Dell premium monitors.', 'Compact acoustic soundbar that snaps onto your office screen. Perfect for high-quality video calling and space-conscious workstations.', 'DELL-SB-521A', 75000.00, 68000.00, 9.33, 4.41, 142, 60, '[{"name": "Bundle", "values": ["Standard", "With USB Hub"]}]'::jsonb, 'active'),
('p0000000-0000-0000-0000-000000000007', 'c0000000-0000-0000-0000-000000000001', 'b0000000-0000-0000-0000-000000000007', 'Dyson Pure Cool Tower Fan AM07', 'dyson-pure-cool-am07-fan', 'Air multiplier bladeless tower fan with remote control.', 'Produces high-velocity, powerful cooling currents without safety hazards or difficult-to-clean grills. Whispering quiet motor.', 'DYSON-AM07-FAN', 520000.00, 499000.00, 4.04, 4.60, 95, 25, '[{"name": "Color", "values": ["Iron/Blue", "White/Silver"]}]'::jsonb, 'active'),
('p0000000-0000-0000-0000-000000000008', 'c0000000-0000-0000-0000-000000000003', 'b0000000-0000-0000-0000-000000000003', 'Sony Alpha 7R V Full Frame Mirrorless Camera', 'sony-alpha-7rv-mirrorless-camera', '61.0 Megapixels of pure optic detailing powered by AI processing.', 'Next-generation intelligent auto-focusing for tracking people, cars, and insects. Exceptional 8K resolution video stabilization.', 'SONY-ILCE-7RM5', 4600000.00, 4300000.00, 6.52, 4.96, 42, 8, '[{"name": "Bundle", "values": ["Body Only", "With 24-70mm GM II", "With 50mm f/1.2 GM"]}]'::jsonb, 'active'),
('p0000000-0000-0000-0000-000000000009', 'c0000000-0000-0000-0000-000000000001', 'b0000000-0000-0000-0000-000000000001', 'Apple Watch Ultra 2 Titanium LTE', 'apple-watch-ultra-2-titanium', 'The ultimate, rugged sports wearable carved in aerospace titanium.', 'Featuring the brightest always-on retina display, dual-frequency high-precision GPS positioning, and up to 72 hours of low power longevity.', 'APL-WATCH-ULT2', 1250000.00, 1150000.00, 8.00, 4.89, 156, 35, '[{"name": "Color", "values": ["Ocean Blue Band", "Orange Alpine Loop", "Black Trail Loop"]}]'::jsonb, 'active'),
('p0000000-0000-0000-0000-000000000010', 'c0000000-0000-0000-0000-000000000001', 'b0000000-0000-0000-0000-000000000003', 'Sony PlayStation VR2 Headset', 'sony-playstation-vr2-headset', 'Stunning 4K HDR virtual reality headset for PlayStation 5.', 'Intelligent eye tracking, advanced physical headset feedback vibration, and high-precision immersive controllers. Dive into digital fantasy.', 'SONY-PS-VR2', 980000.00, 890000.00, 9.18, 4.75, 78, 18, '[{"name": "Bundle", "values": ["Standard VR2", "Horizon Call of Mountain Bundle"]}]'::jsonb, 'active');

-- Category 2: Smartphones (c0000000-0000-0000-0000-000000000002)
insert into public.products (id, category_id, brand_id, name, slug, description, long_description, sku, price, sale_price, discount, rating, reviews_count, inventory, options, status) values
('p0000000-0000-0000-0000-000000000011', 'c0000000-0000-0000-0000-000000000002', 'b0000000-0000-0000-0000-000000000001', 'Apple iPhone 16 Pro Max', 'apple-iphone-16-pro-max', 'Flagship titanium phone powered by Apple intelligence and A18 Pro chip.', 'Premium grade aerospace titanium casing with a larger 6.9-inch display, physical Camera Control capture switch, and 5x optical telephoto lens.', 'APL-IPH16PM', 2400000.00, 2250000.00, 6.25, 4.92, 612, 100, '[{"name": "Color", "values": ["Desert Titanium", "Natural Titanium", "White Titanium", "Black Titanium"]}, {"name": "Storage", "values": ["256GB", "512GB", "1TB"]}]'::jsonb, 'active'),
('p0000000-0000-0000-0000-000000000012', 'c0000000-0000-0000-0000-000000000002', 'b0000000-0000-0000-0000-000000000002', 'Samsung Galaxy S25 Ultra 5G', 'samsung-galaxy-s25-ultra', 'Ultimate flagship smartphone with Snapdragon 8 Gen 4 and S-Pen.', 'Corning Gorilla Armor anti-reflective glass, massive 200MP expert camera grid, and full-array local galaxy AI capabilities.', 'SAM-S25ULT', 2300000.00, 2150000.00, 6.52, 4.88, 489, 90, '[{"name": "Color", "values": ["Titanium Gray", "Titanium Black", "Titanium Violet"]}, {"name": "Storage", "values": ["256GB", "512GB", "1TB"]}]'::jsonb, 'active'),
('p0000000-0000-0000-0000-000000000013', 'c0000000-0000-0000-0000-000000000002', 'b0000000-0000-0000-0000-000000000002', 'Samsung Galaxy Z Fold 6 5G', 'samsung-galaxy-z-fold6', 'Beautiful folding tablet hybrid phone with dual AMOLED dynamic displays.', 'Slimmer, lighter, and armor aluminum protected folding device. Run up to three background work screens simultaneously.', 'SAM-FOLD6', 2600000.00, 2450000.00, 5.77, 4.67, 85, 20, '[{"name": "Color", "values": ["Silver Shadow", "Navy Blue", "Pink Gold"]}, {"name": "Storage", "values": ["256GB", "512GB"]}]'::jsonb, 'active'),
('p0000000-0000-0000-0000-000000000014', 'c0000000-0000-0000-0000-000000000002', 'b0000000-0000-0000-0000-000000000001', 'Apple iPhone 16 Plus', 'apple-iphone-16-plus', '6.7-inch energetic model with advanced A18 chip and dynamic island.', 'Beautifully saturated color-infused rear glass. High-speed action customizable button and a highly robust thermal control architecture.', 'APL-IPH16PLS', 1750000.00, 1650000.00, 5.71, 4.70, 241, 80, '[{"name": "Color", "values": ["Teal Green", "Ultramarine Blue", "Pink", "Black"]}, {"name": "Storage", "values": ["128GB", "256GB", "512GB"]}]'::jsonb, 'active'),
('p0000000-0000-0000-0000-000000000015', 'c0000000-0000-0000-0000-000000000002', 'b0000000-0000-0000-0000-000000000002', 'Samsung Galaxy A55 5G', 'samsung-galaxy-a55', 'Premium mid-range phone with elegant glass back and metal frame.', 'Stunning 6.6-inch Super AMOLED 120Hz display with Knox Vault data safety security. High-speed octa-core processor.', 'SAM-A55-5G', 540000.00, 499000.00, 7.59, 4.54, 382, 110, '[{"name": "Color", "values": ["Awesome Navy", "Awesome Iceblue", "Awesome Lilac"]}]'::jsonb, 'active'),
('p0000000-0000-0000-0000-000000000016', 'c0000000-0000-0000-0000-000000000002', 'b0000000-0000-0000-0000-000000000003', 'Sony Xperia 1 VI 5G Pro', 'sony-xperia-1vi-5g', 'Optic specialist phone with variable telephoto continuous optical zoom.', 'Perfect 19.5:9 display with professional screen colors tuned by CineAlta. Real-time eye auto-focus tracking.', 'SONY-XP1-VI', 1600000.00, 1490000.00, 6.88, 4.78, 59, 15, '[{"name": "Color", "values": ["Khaki Green", "Platinum Silver", "Black"]}]'::jsonb, 'active'),
('p0000000-0000-0000-0000-000000000017', 'c0000000-0000-0000-0000-000000000002', 'b0000000-0000-0000-0000-000000000001', 'Apple iPhone 15 Pro Max (Refurbished)', 'apple-iphone-15-pro-max-refurbished', 'Certified pre-owned 15 Pro Max in excellent aesthetic condition.', 'Features titanium frame, A17 Pro high-performance gaming chip, and versatile custom USB-C port interface. Fully verified health metrics.', 'APL-IPH15PM-RF', 1650000.00, 1550000.00, 6.06, 4.62, 148, 25, '[{"name": "Color", "values": ["Natural Titanium", "Blue Titanium"]}, {"name": "Storage", "values": ["256GB", "512GB"]}]'::jsonb, 'active'),
('p0000000-0000-0000-0000-000000000018', 'c0000000-0000-0000-0000-000000000002', 'b0000000-0000-0000-0000-000000000002', 'Samsung Galaxy S24 Ultra 5G', 'samsung-galaxy-s24-ultra', 'AI pioneering smartphone with 200MP camera and robust build.', 'Features Snapdragon 8 Gen 3 for Galaxy, titanium borders, and seven generations of guaranteed operating system security updates.', 'SAM-S24ULT', 1850000.00, 1750000.00, 5.41, 4.83, 734, 40, '[{"name": "Color", "values": ["Titanium Yellow", "Titanium Gray", "Titanium Black"]}]'::jsonb, 'active'),
('p0000000-0000-0000-0000-000000000019', 'c0000000-0000-0000-0000-000000000002', 'b0000000-0000-0000-0000-000000000001', 'Apple iPhone 16 Base Model', 'apple-iphone-16-base', 'Standard 6.1-inch A18 powerhouse with dual ultra-wide cameras.', 'High-performance camera control interface, spatial capturing, dynamic island dashboard, and beautiful light-scattering rear glass finish.', 'APL-IPH16', 1450000.00, 1380000.00, 4.83, 4.74, 189, 75, '[{"name": "Color", "values": ["Pink", "Ultramarine Blue", "White", "Black"]}, {"name": "Storage", "values": ["128GB", "256GB"]}]'::jsonb, 'active'),
('p0000000-0000-0000-0000-000000000020', 'c0000000-0000-0000-0000-000000000002', 'b0000000-0000-0000-0000-000000000002', 'Samsung Galaxy Z Flip 6 5G', 'samsung-galaxy-z-flip6', 'Pocket-sized folding luxury fashion statement smartphone.', 'A 50MP dynamic camera with flexible FlexCam auto-zoom tripod utility. Sizable dynamic folder window customizable external display.', 'SAM-FLIP6', 1480000.00, 1380000.00, 6.76, 4.60, 92, 35, '[{"name": "Color", "values": ["Mint Green", "Blue Shadow", "Yellow Accent"]}]'::jsonb, 'active');

-- Remaining categories will follow standard insertions to ensure we have exactly 100 products (10 per category)
-- For space efficiency and robust dataset, let's write out the remaining category products in blocks.

-- Category 3: Laptops (c0000000-0000-0000-0000-000000000003)
insert into public.products (id, category_id, brand_id, name, slug, description, long_description, sku, price, sale_price, discount, rating, reviews_count, inventory, options, status) values
('p0000000-0000-0000-0000-000000000021', 'c0000000-0000-0000-0000-000000000003', 'b0000000-0000-0000-0000-000000000001', 'Apple MacBook Pro 16-Inch M4 Max', 'apple-macbook-pro-16-m4-max', 'Extreme computer processing unit with M4 Max chip, 48GB Unified Memory.', 'Stunning 16-inch Liquid Retina XDR screen with up to 24 hours of massive battery performance. Best-in-class multi-threaded computation.', 'APL-MBP16-M4M', 4800000.00, 4600000.00, 4.17, 4.97, 72, 12, '[{"name": "Storage", "values": ["1TB SSD", "2TB SSD"]}, {"name": "Warranty", "values": ["1 Year", "3 Year AppleCare+"]}]'::jsonb, 'active'),
('p0000000-0000-0000-0000-000000000022', 'c0000000-0000-0000-0000-000000000003', 'b0000000-0000-0000-0000-000000000010', 'Dell XPS 15 9530 Creator Laptop', 'dell-xps-15-9530', 'OLED touchscreen designer workspace with NVIDIA RTX 4060 graphics.', 'Machined aluminum chassis, carbon fiber palm rests, and stunning 3.5K infinite edge display. Incredible acoustics output.', 'DELL-XPS15-9530', 2700000.00, 2550000.00, 5.56, 4.75, 94, 20, '[{"name": "Storage", "values": ["512GB SSD", "1TB SSD"]}]'::jsonb, 'active'),
('p0000000-0000-0000-0000-000000000023', 'c0000000-0000-0000-0000-000000000003', 'b0000000-0000-0000-0000-000000000010', 'Dell Inspiron 16 Plus', 'dell-inspiron-16-plus', 'Spacious 16-inch workhorse powered by Intel Core Ultra 7 CPU.', 'Equipped with visual comforts, smart AI video conference tools, and dynamic graphics array. Ideal balance of performance and cost.', 'DELL-INS16-PLS', 1350000.00, 1280000.00, 5.19, 4.50, 112, 45, '[{"name": "Color", "values": ["Platinum Silver", "Carbon Black"]}]'::jsonb, 'active'),
('p0000000-0000-0000-0000-000000000024', 'c0000000-0000-0000-0000-000000000003', 'b0000000-0000-0000-0000-000000000010', 'Dell Alienware m18 Gaming Laptop', 'dell-alienware-m18', 'Monstrous desktop replacement notebook with Intel i9 and RTX 4090.', 'Massive mechanical keyboard integration, dynamic cryogenic cooling chambers, and crystal-clear 480Hz motion refreshing display.', 'DELL-AW-M18', 4950000.00, 4750000.00, 4.04, 4.88, 34, 6, '[{"name": "Bundle", "values": ["Standard Pack", "Ultimate Gaming Bundle (Mouse + Headset)"]}]'::jsonb, 'active'),
('p0000000-0000-0000-0000-000000000025', 'c0000000-0000-0000-0000-000000000003', 'b0000000-0000-0000-0000-000000000001', 'Apple MacBook Air 13-Inch M3', 'apple-macbook-air-13-m3', 'Incredibly lightweight, silent powerhouse with advanced M3 processor.', 'Completely fanless thermal design, liquid retina display, and up to 18 hours of portable usage. Sleek unibody profile.', 'APL-MBA13-M3', 1450000.00, 1380000.00, 4.83, 4.85, 342, 60, '[{"name": "Color", "values": ["Midnight", "Starlight", "Space Gray", "Silver"]}, {"name": "Storage", "values": ["256GB SSD", "512GB SSD"]}]'::jsonb, 'active'),
('p0000000-0000-0000-0000-000000000026', 'c0000000-0000-0000-0000-000000000003', 'b0000000-0000-0000-0000-000000000010', 'Dell Latitude 7440 Business Laptop', 'dell-latitude-7440', 'Enterprise grade secure laptop with high-speed 5G module compatibility.', 'Lightweight magnesium casing, integrated physical privacy shutter webcam, and corporate IT grade data protection systems.', 'DELL-LAT7440', 1650000.00, 1550000.00, 6.06, 4.45, 87, 30, '[{"name": "Warranty", "values": ["1 Year Basic", "3 Year ProSupport Plus"]}]'::jsonb, 'active'),
('p0000000-0000-0000-0000-000000000027', 'c0000000-0000-0000-0000-000000000003', 'b0000000-0000-0000-0000-000000000010', 'Dell G15 5530 Gaming Laptop', 'dell-g15-5530', 'Value oriented entry-level gaming machine with RTX 4050.', 'Features retro orange-backlit keyboards, high-pressure cooling fans, and fast 165Hz FHD display panels. Highly moddable.', 'DELL-G15-4050', 1150000.00, 1080000.00, 6.09, 4.38, 143, 40, '[{"name": "Color", "values": ["Dark Shadow Gray", "Quantum White"]}]'::jsonb, 'active'),
('p0000000-0000-0000-0000-000000000028', 'c0000000-0000-0000-0000-000000000003', 'b0000000-0000-0000-0000-000000000002', 'Samsung Galaxy Book4 Ultra', 'samsung-galaxy-book4-ultra', 'Intelligent luxury laptop with Intel Core Ultra 9 and Dynamic AMOLED 2X.', 'Extreme integration within the Samsung Galaxy tablet/phone ecosystem. Super-slim design with tactile glass cursor pad.', 'SAM-GB4-ULT', 2900000.00, 2750000.00, 5.17, 4.80, 45, 10, '[{"name": "Storage", "values": ["1TB SSD", "2TB SSD"]}]'::jsonb, 'active'),
('p0000000-0000-0000-0000-000000000029', 'c0000000-0000-0000-0000-000000000001', 'b0000000-0000-0000-0000-000000000001', 'Apple MacBook Pro 14-Inch M4', 'apple-macbook-pro-14-m4', 'Professional portable work unit with Apple M4 standard processor.', 'Features beautiful high-fidelity micro-LED display, up to three external screen capabilities, and liquid spatial audio arrays.', 'APL-MBP14-M4', 2150000.00, 1999000.00, 7.02, 4.88, 178, 50, '[{"name": "Color", "values": ["Space Black", "Silver"]}, {"name": "Storage", "values": ["512GB SSD", "1TB SSD"]}]'::jsonb, 'active'),
('p0000000-0000-0000-0000-000000000030', 'c0000000-0000-0000-0000-000000000003', 'b0000000-0000-0000-0000-000000000010', 'Dell XPS 13 9340 Ultrabook', 'dell-xps-13-9340', 'Sleek, seamless glass trackpad layout with Intel Core Ultra 5.', 'The ultimate visual travel companion. Features edge-to-edge keyboard layout, high-frequency brightness, and magnesium finish.', 'DELL-XPS13-9340', 1680000.00, 1580000.00, 5.95, 4.56, 90, 22, '[{"name": "Color", "values": ["Graphite Gray", "Silver Sparkle"]}]'::jsonb, 'active');

-- Category 4: Fashion (c0000000-0000-0000-0000-000000000004)
insert into public.products (id, category_id, brand_id, name, slug, description, long_description, sku, price, sale_price, discount, rating, reviews_count, inventory, options, status) values
('p0000000-0000-0000-0000-000000000031', 'c0000000-0000-0000-0000-000000000004', 'b0000000-0000-0000-0000-000000000006', 'Luxury Silk Evening Gown', 'luxury-silk-evening-gown', 'Pure Mulberry silk floor-length designer evening gown.', 'Artisan woven double-lined silk with elegant draping features and delicate gold trim embroidery. Feels incredibly soft against skin.', 'FASH-SLK-GWN', 320000.00, 290000.00, 9.38, 4.88, 34, 18, '[{"name": "Size", "values": ["XS", "S", "M", "L", "XL"]}, {"name": "Color", "values": ["Royal Blue", "Emerald Green", "Classic Black"]}]'::jsonb, 'active'),
('p0000000-0000-0000-0000-000000000032', 'c0000000-0000-0000-0000-000000000004', 'b0000000-0000-0000-0000-000000000004', 'Nike Windrunner Hooded Jacket', 'nike-windrunner-jacket', 'Iconic V-shaped chevron training windbreaker jacket.', 'Water-repellent, lightweight recycled fabric weave. Features mesh vents for complete body breathability during runs or leisure.', 'NIKE-WND-JKT', 85000.00, 78000.00, 8.24, 4.62, 198, 80, '[{"name": "Size", "values": ["S", "M", "L", "XL"]}, {"name": "Color", "values": ["Red/White", "All Black", "Grey/Navy"]}]'::jsonb, 'active'),
('p0000000-0000-0000-0000-000000000033', 'c0000000-0000-0000-0000-000000000004', 'b0000000-0000-0000-0000-000000000001', 'Apple Heritage Graphic Tee', 'apple-heritage-graphic-tee', 'Heavyweight organic cotton vintage computing graphic shirt.', 'Features the retro multicolor Apple stripe logo. Premium high-density collar structure that maintains its shape after extensive washing.', 'APL-HRT-TEE', 45000.00, 42000.00, 6.67, 4.79, 312, 150, '[{"name": "Size", "values": ["S", "M", "L", "XL", "XXL"]}, {"name": "Color", "values": ["Vintage White", "Heather Grey"]}]'::jsonb, 'active'),
('p0000000-0000-0000-0000-000000000034', 'c0000000-0000-0000-0000-000000000004', 'b0000000-0000-0000-0000-000000000005', 'Adidas Originals Beckenbauer Jacket', 'adidas-beckenbauer-track-jacket', 'Retro athletic track top with high double-knit collars.', 'Detailed with signature three-stripe embroidery on sleeves. Tailored athletic fit derived from 1970s archive sports icons.', 'ADID-BCK-JKT', 92000.00, 85000.00, 7.61, 4.68, 142, 65, '[{"name": "Size", "values": ["S", "M", "L", "XL"]}, {"name": "Color", "values": ["Forest Green", "Amber Yellow", "Black"]}]'::jsonb, 'active'),
('p0000000-0000-0000-0000-000000000035', 'c0000000-0000-0000-0000-000000000004', 'b0000000-0000-0000-0000-000000000009', 'Under Armour Storm Fleece Hoodie', 'under-armour-storm-hoodie', 'Water-resistant, thermal fleece training hooded pullover.', 'Incorporates UA Storm technology that repels heavy mist without losing breathability. Extremely soft interior insulating heat.', 'UA-STRM-HDD', 72000.00, 65000.00, 9.72, 4.59, 214, 90, '[{"name": "Size", "values": ["S", "M", "L", "XL", "XXL"]}, {"name": "Color", "values": ["Charcoal Grey", "Pitch Black"]}]'::jsonb, 'active'),
('p0000000-0000-0000-0000-000000000036', 'c0000000-0000-0000-0000-000000000004', 'b0000000-0000-0000-0000-000000000004', 'Nike Premium N1 Leather Bomber', 'nike-premium-n1-leather-bomber', 'Heavyweight full-grain cowhide leather collegiate bomber jacket.', 'Features premium insulated quilted liners, thick wool-ribbed hems, and debossed Nike classic script detailing. A true collection piece.', 'NIKE-LTH-BMB', 480000.00, 450000.00, 6.25, 4.93, 21, 10, '[{"name": "Size", "values": ["M", "L", "XL"]}]'::jsonb, 'active'),
('p0000000-0000-0000-0000-000000000037', 'c0000000-0000-0000-0000-000000000004', 'b0000000-0000-0000-0000-000000000008', 'IKEA Comfort Knit Bed Socks (3-Pack)', 'ikea-comfort-socks-3pack', 'Ultra soft rib-knit lounging socks for cold weather.', 'Super-cozy thermal wool and acrylic weave. Elasticated ankle bands prevent sliding during sleep or indoor walking.', 'IKEA-SOX-3P', 12000.00, 10000.00, 16.67, 4.51, 412, 200, '[{"name": "Color", "values": ["Mixed Pastels", "Neutral Greys"]}]'::jsonb, 'active'),
('p0000000-0000-0000-0000-000000000038', 'c0000000-0000-0000-0000-000000000004', 'b0000000-0000-0000-0000-000000000006', 'L''Oreal Paris Designer Silk Scarf', 'loreal-paris-designer-scarf', 'Limited edition elegant silk neckwear with abstract gold print.', 'Delicate hand-rolled margins, 100% fine silk weave. Elevates high-fashion business wear or smart casual outfits immediately.', 'LOR-SLK-SCRF', 65000.00, 58000.00, 10.77, 4.70, 45, 30, '[{"name": "Color", "values": ["Classic Gold/Navy", "Rose Petal/Grey"]}]'::jsonb, 'active'),
('p0000000-0000-0000-0000-000000000039', 'c0000000-0000-0000-0000-000000000004', 'b0000000-0000-0000-0000-000000000005', 'Adidas Terrex Primaloft Parka', 'adidas-terrex-primaloft-parka', 'Extreme weather insulated winter jacket with high neck shield.', 'Quilted internal walls filled with synthetic Primaloft warm fibers. Deep handwarmer utility pockets and adjustments.', 'ADID-TER-PRM', 220000.00, 199000.00, 9.55, 4.82, 38, 14, '[{"name": "Size", "values": ["S", "M", "L", "XL"]}, {"name": "Color", "values": ["Alpine White", "Base Black"]}]'::jsonb, 'active'),
('p0000000-0000-0000-0000-000000000040', 'c0000000-0000-0000-0000-000000000004', 'b0000000-0000-0000-0000-000000000009', 'Under Armour Tactical Duty Pants', 'ua-tactical-duty-pants', 'Ripstop heavy duty utility trousers with cargo side pockets.', 'Featuring durable water-repellent coating and elasticated waist flex borders. Resists tears, scuffs, and abrasions.', 'UA-TAC-PNT', 88000.00, 80000.00, 9.09, 4.60, 114, 40, '[{"name": "Size", "values": ["30W/32L", "32W/32L", "34W/32L", "36W/32L"]}, {"name": "Color", "values": ["Desert Tan", "Tactical Black"]}]'::jsonb, 'active');

-- Category 5: Shoes (c0000000-0000-0000-0000-000000000005)
insert into public.products (id, category_id, brand_id, name, slug, description, long_description, sku, price, sale_price, discount, rating, reviews_count, inventory, options, status) values
('p0000000-0000-0000-0000-000000000041', 'c0000000-0000-0000-0000-000000000005', 'b0000000-0000-0000-0000-000000000004', 'Nike Air Force 1 ''07 Premium', 'nike-air-force-1-premium', 'Legendary basketball lifestyle sneaker in premium leather.', 'Featuring clean stitched overlays, high-grade soft tumbled leather, and responsive encapsulating Air sole cushion units.', 'NIKE-AF1-PRM', 165000.00, 150000.00, 9.09, 4.88, 734, 120, '[{"name": "Size", "values": ["40", "41", "42", "43", "44", "45"]}, {"name": "Color", "values": ["Triple White", "White/Black Swoosh"]}]'::jsonb, 'active'),
('p0000000-0000-0000-0000-000000000042', 'c0000000-0000-0000-0000-000000000005', 'b0000000-0000-0000-0000-000000000005', 'Adidas Ultraboost Light Running Shoes', 'adidas-ultraboost-light', 'High-performance running shoe with lighter energy Boost capsules.', 'Primeknit+ adaptive mesh upper with exceptional torsion system. Delivers instant rebound energy transitions on gravel or tracks.', 'ADID-UBL-RUN', 210000.00, 195000.00, 7.14, 4.79, 395, 95, '[{"name": "Size", "values": ["40", "41", "42", "43", "44"]}, {"name": "Color", "values": ["Solar Orange", "Cloud White", "Core Black"]}]'::jsonb, 'active'),
('p0000000-0000-0000-0000-000000000043', 'c0000000-0000-0000-0000-000000000005', 'b0000000-0000-0000-0000-000000000004', 'Nike Air Max 90 Classic', 'nike-air-max-90-classic', 'Retro streetwear running icon with distinct waffle outsoles.', 'Combines classic synthetic leather stitch lines with visible Air max heel shock-absorber modules. Extremely comfortable.', 'NIKE-AM90-CLS', 145000.00, 135000.00, 6.90, 4.70, 521, 100, '[{"name": "Size", "values": ["39", "40", "41", "42", "43", "44", "45"]}, {"name": "Color", "values": ["Infrared Crimson", "All Black"]}]'::jsonb, 'active'),
('p0000000-0000-0000-0000-000000000044', 'c0000000-0000-0000-0000-000000000005', 'b0000000-0000-0000-0000-000000000005', 'Adidas Stan Smith Lux Leather', 'adidas-stan-smith-lux', 'Luxurious minimal dress sneakers with soft leather interior lining.', 'Premium thick full-grain leather outers with gold foil branding. Perfect companion for dynamic casual suits or smart denims.', 'ADID-SS-LUX', 125000.00, 115000.00, 8.00, 4.65, 234, 75, '[{"name": "Size", "values": ["40", "41", "42", "43", "44"]}, {"name": "Color", "values": ["White/Green Tab", "White/Black Tab"]}]'::jsonb, 'active'),
('p0000000-0000-0000-0000-000000000045', 'c0000000-0000-0000-0000-000000000005', 'b0000000-0000-0000-0000-000000000009', 'Under Armour Charged Assert 10', 'under-armour-charged-assert', 'Comfortable training running shoe with Charged Cushioning midsoles.', 'Features lightweight durable mesh breathable elements. Micro-molded compression foams provide extreme energy responses.', 'UA-CHRG-10', 95000.00, 88000.00, 7.37, 4.48, 412, 130, '[{"name": "Size", "values": ["41", "42", "43", "44", "45"]}]'::jsonb, 'active'),
('p0000000-0000-0000-0000-000000000046', 'c0000000-0000-0000-0000-000000000005', 'b0000000-0000-0000-0000-000000000004', 'Nike Air Jordan 1 Retro High OG', 'nike-air-jordan-1-retro', 'Premium high-top legendary court shoe in iconic leather print.', 'Tumbled full-grain leather sheets, high collar ankle padding, and timeless Air cushioned rubber foundations.', 'NIKE-AJ1-OG', 240000.00, 220000.00, 8.33, 4.95, 342, 40, '[{"name": "Size", "values": ["40", "41", "42", "43", "44", "45", "46"]}, {"name": "Color", "values": ["Chicago Red", "Shadow Grey"]}]'::jsonb, 'active'),
('p0000000-0000-0000-0000-000000000047', 'c0000000-0000-0000-0000-000000000005', 'b0000000-0000-0000-0000-000000000005', 'Adidas Samba OG Classic Leather', 'adidas-samba-og', 'Timeless retro indoor soccer trainer with suede T-toes.', 'Soft leather constructions combined with iconic gum rubber outsoles. Excellent casual styling piece.', 'ADID-SAMBA-OG', 110000.00, 99000.00, 10.00, 4.80, 563, 150, '[{"name": "Size", "values": ["38", "39", "40", "41", "42", "43", "44"]}, {"name": "Color", "values": ["Black/White Stripes", "White/Black Stripes"]}]'::jsonb, 'active'),
('p0000000-0000-0000-0000-000000000048', 'c0000000-0000-0000-0000-000000000005', 'b0000000-0000-0000-0000-000000000006', 'Luxury Italian Leather Oxford Dress Shoes', 'luxury-italian-oxford-shoes', 'Hand-burnished calfskin formal oxford business dress shoes.', 'Vero Cuoio Italian leather outsoles. Hand-sewn Goodyear welt constructs providing lifetimes of elegant service.', 'SHOE-OXF-ITA', 350000.00, 310000.00, 11.43, 4.91, 54, 20, '[{"name": "Size", "values": ["40", "41", "42", "43", "44"]}, {"name": "Color", "values": ["Cognac Brown", "Pitch Black"]}]'::jsonb, 'active'),
('p0000000-0000-0000-0000-000000000049', 'c0000000-0000-0000-0000-000000000005', 'b0000000-0000-0000-0000-000000000009', 'Under Armour Project Rock Slides', 'under-armour-project-rock-slides', 'Heavy-duty post-training comfort recovery slip-on sandals.', 'Molded footbeds engineered to alleviate arch pressure. Highly durable traction panels co-designed by Dwayne Johnson.', 'UA-ROCK-SLD', 55000.00, 49000.00, 10.91, 4.58, 112, 110, '[{"name": "Size", "values": ["40", "41", "42", "43", "44", "45"]}]'::jsonb, 'active'),
('p0000000-0000-0000-0000-000000000050', 'c0000000-0000-0000-0000-000000000005', 'b0000000-0000-0000-0000-000000000004', 'Nike Pegasus 41 Running Shoes', 'nike-pegasus-41-running', 'Daily training workhorse with lightweight responsive Zoom Air.', 'Engineered mesh upper delivers optimal airflow structures. Double pressurized Zoom air pods cushion impacts.', 'NIKE-PEG-41', 1350000.00, 125000.00, 7.41, 4.76, 214, 85, '[{"name": "Size", "values": ["40", "41", "42", "43", "44", "45"]}]'::jsonb, 'active');

-- Category 6: Beauty (c0000000-0000-0000-0000-000000000006)
insert into public.products (id, category_id, brand_id, name, slug, description, long_description, sku, price, sale_price, discount, rating, reviews_count, inventory, options, status) values
('p0000000-0000-0000-0000-000000000051', 'c0000000-0000-0000-0000-000000000006', 'b0000000-0000-0000-0000-000000000006', 'L''Oreal Revitalift Filler Serum', 'loreal-revitalift-filler-serum', 'Pure Hyaluronic acid anti-wrinkle facial skin booster.', 'Formulated with high-concentration micro hyaluronic acids to plump skin, smooth fine lines, and replenish dermal moisture.', 'LOR-REV-FIL', 32000.00, 28000.00, 12.50, 4.61, 452, 140, '[{"name": "Bundle", "values": ["1x 30ml Bottle", "2x Saver Value Pack"]}]'::jsonb, 'active'),
('p0000000-0000-0000-0000-000000000052', 'c0000000-0000-0000-0000-000000000006', 'b0000000-0000-0000-0000-000000000006', 'L''Oreal Paris Age Perfect Night Cream', 'loreal-age-perfect-night-cream', 'Cell renewal night moisturizing cream with black truffle extracts.', 'Supports overnight natural cell regenerations. Formulated with rare antioxidants to restore cellular plumpness and density.', 'LOR-AGE-CRM', 38000.00, 35000.00, 7.89, 4.54, 219, 100, '[{"name": "Bundle", "values": ["Standard 50ml Jar"]}]'::jsonb, 'active'),
('p0000000-0000-0000-0000-000000000053', 'c0000000-0000-0000-0000-000000000006', 'b0000000-0000-0000-0000-000000000007', 'Dyson Supersonic Nural Hair Dryer', 'dyson-supersonic-nural-dryer', 'Intelligent airflow hair dryer with built-in scalp protection.', 'Features smart Time-of-Flight sensors that adapt heating power dynamically to prevent heat damage to your hair and scalp.', 'DYSON-SUP-NUR', 550000.00, 520000.00, 5.45, 4.88, 89, 20, '[{"name": "Color", "values": ["Patina Gold/Bronze", "Ceramic Blue/Topaz"]}]'::jsonb, 'active'),
('p0000000-0000-0000-0000-000000000054', 'c0000000-0000-0000-0000-000000000007', 'b0000000-0000-0000-0000-000000000007', 'Dyson Airwrap Multi-Styler Complete', 'dyson-airwrap-complete-styler', 'Coanda effect dynamic curling, smoothing, and drying tool.', 'Styles hair using air currents instead of extreme heat. Includes redesigned attachments to curl and wave in both directions.', 'DYSON-AIR-STYL', 650000.00, 620000.00, 4.62, 4.90, 112, 15, '[{"name": "Color", "values": ["Copper/Nickel", "Strawberry Bronze"]}]'::jsonb, 'active'),
('p0000000-0000-0000-0000-000000000055', 'c0000000-0000-0000-0000-000000000007', 'b0000000-0000-0000-0000-000000000007', 'Dyson Corrale Cordless Straightener', 'dyson-corrale-straightener', 'Flexing copper alloy plates that shape around your hair.', 'Enables high-precision straightening styling with far less heat. Cord-free versatility powered by high-capacity lithium battery.', 'DYSON-COR-STR', 480000.00, 450000.00, 6.25, 4.70, 78, 12, '[{"name": "Color", "values": ["Fuchsia/Nickel", "Prussian Blue/Rich Copper"]}]'::jsonb, 'active'),
('p0000000-0000-0000-0000-000000000056', 'c0000000-0000-0000-0000-000000000006', 'b0000000-0000-0000-0000-000000000006', 'L''Oreal Paris Elvive Bond Repair Kit', 'loreal-elvive-bond-repair', 'Deep citric acid hair structural repair shampoo and pre-shampoo.', 'Penetrates hair cortex to rebuild broken internal molecular hair bonds. Restores strength, shine, and elasticity immediately.', 'LOR-BND-KIT', 45000.00, 39000.00, 13.33, 4.48, 312, 90, '[{"name": "Bundle", "values": ["Complete 3-Step System Pack"]}]'::jsonb, 'active'),
('p0000000-0000-0000-0000-000000000057', 'c0000000-0000-0000-0000-000000000006', 'b0000000-0000-0000-0000-000000000006', 'Luxury Eau de Parfum Gold Edition', 'luxury-parfum-gold-edition', 'Indulgent, long lasting vanilla and rare amber woody fragrance.', 'Features rich tops of white jasmine and orange blossoms, melting into cedar wood base notes. Packed in heavy gold magnetic case.', 'BEAU-PRF-GLD', 185000.00, 170000.00, 8.11, 4.82, 64, 25, '[{"name": "Size", "values": ["50ml", "100ml"]}]'::jsonb, 'active'),
('p0000000-0000-0000-0000-000000000058', 'c0000000-0000-0000-0000-000000000006', 'b0000000-0000-0000-0000-000000000006', 'L''Oreal Pure Clay Charcoal Mask', 'loreal-pure-clay-mask', 'Deep purifying skin clay mask to clear toxins and pores.', 'Enriched with natural black charcoal to absorb deep sebum, clarify complexion, and leave skin deeply scrubbed and clean.', 'LOR-CLAY-MSK', 18000.00, 15000.00, 16.67, 4.40, 243, 110, '[{"name": "Bundle", "values": ["Standard 50ml Jar"]}]'::jsonb, 'active'),
('p0000000-0000-0000-0000-000000000059', 'c0000000-0000-0000-0000-000000000006', 'b0000000-0000-0000-0000-000000000007', 'Dyson Chitosan Styling Post-Styling Cream', 'dyson-chitosan-styling-cream', 'Lightweight hold post-styling anti-frizz locks cream.', 'Infused with complex mushroom polymers that hold styles flexibly for 24 hours without hardening. Leaves locks shiny.', 'DYSON-CHT-CRM', 65000.00, 58000.00, 10.77, 4.65, 42, 40, '[{"name": "Bundle", "values": ["Standard 100ml Refillable Dispenser"]}]'::jsonb, 'active'),
('p0000000-0000-0000-0000-000000000060', 'c0000000-0000-0000-0000-000000000006', 'b0000000-0000-0000-0000-000000000006', 'L''Oreal Infallible Matte Lipstick', 'loreal-infallible-matte-lipstick', 'Smudge-proof, 16-hour long-wear liquid matte lipstick.', 'High-intensity saturated pigment that sets rapidly. Contains hyaluronic acid comfort matrix that prevents lips from drying.', 'LOR-INF-LIP', 14000.00, 12000.00, 14.29, 4.35, 189, 150, '[{"name": "Color", "values": ["Rouge Red", "Nude Beige", "Blush Pink"]}]'::jsonb, 'active');

-- Category 7: Home (c0000000-0000-0000-0000-000000000007)
insert into public.products (id, category_id, brand_id, name, slug, description, long_description, sku, price, sale_price, discount, rating, reviews_count, inventory, options, status) values
('p0000000-0000-0000-0000-000000000061', 'c0000000-0000-0000-0000-000000000007', 'b0000000-0000-0000-0000-000000000008', 'IKEA TRÅDFRI Smart Lighting Kit', 'ikea-tradfri-smart-light-kit', 'Wireless dimming smart lighting kit with remote dimmer switch.', 'Features customizable color temperatures. Connects easily with HomeKit, Alexa, and Google Assistant without cabling.', 'IKEA-TRD-LGT', 45000.00, 39000.00, 13.33, 4.49, 142, 95, '[{"name": "Bundle", "values": ["E27 Gateway Kit", "GU10 Spot Kit"]}]'::jsonb, 'active'),
('p0000000-0000-0000-0000-000000000062', 'c0000000-0000-0000-0000-000000000007', 'b0000000-0000-0000-0000-000000000007', 'Dyson Purifier Hot+Cool Gen1', 'dyson-purifier-hot-cool-gen1', 'HEPA air purifier, space heater, and cooling fan hybrid.', 'Capture up to 99.97% of airborne allergens and dust. Projects warm or cool clean air uniformly using Air Multiplier tech.', 'DYSON-HP-GEN1', 650000.00, 599000.00, 7.85, 4.78, 54, 15, '[{"name": "Color", "values": ["White/Silver", "Black/Nickel"]}]'::jsonb, 'active'),
('p0000000-0000-0000-0000-000000000063', 'c0000000-0000-0000-0000-000000000007', 'b0000000-0000-0000-0000-000000000007', 'Dyson V15 Detect Cordless Vacuum', 'dyson-v15-detect-vacuum', 'Laser-guided intelligent high-power cordless stick vacuum.', 'Reveals invisible microscopic dust using precision green lasers. Automatically adapts suction power based on floor dust counts.', 'DYSON-V15-VAC', 780000.00, 720000.00, 7.69, 4.91, 142, 22, '[{"name": "Bundle", "values": ["Standard Access Kit", "Absolute Plus Pro Pack"]}]'::jsonb, 'active'),
('p0000000-0000-0000-0000-000000000064', 'c0000000-0000-0000-0000-000000000007', 'b0000000-0000-0000-0000-000000000008', 'IKEA ÅRSTID Classical Brass Table Lamp', 'ikea-arstid-brass-table-lamp', 'Elegant, vintage textile shade bedside lamp with pull switch.', 'Provides a warm, soft ambient glowing light. Traditional styling featuring brass columns and pleated white fabric shade.', 'IKEA-ARS-LMP', 28000.00, 24000.00, 14.29, 4.60, 290, 80, '[{"name": "Color", "values": ["Brass Column", "Nickel Column"]}]'::jsonb, 'active'),
('p0000000-0000-0000-0000-000000000065', 'c0000000-0000-0000-0000-000000000007', 'b0000000-0000-0000-0000-000000000008', 'IKEA KUNGSMYNTA Luxury Queen Bedding Set', 'ikea-kungsmynta-bedding-set', 'Ultra-breathable premium cotton lyocell blend bedding sheet pack.', 'Woven from eco-harvested cotton and silky lyocell. Actively wicks body sweat to maintain dry comfort throughout warm nights.', 'IKEA-KNG-BED', 95000.00, 85000.00, 10.53, 4.74, 114, 45, '[{"name": "Color", "values": ["Classic White", "Dove Grey", "Sage Green"]}]'::jsonb, 'active'),
('p0000000-0000-0000-0000-000000000066', 'c0000000-0000-0000-0000-000000000007', 'b0000000-0000-0000-0000-000000000008', 'IKEA NISSEDAL Elegant Wall Mirror', 'ikea-nissedal-wall-mirror', 'Sleek, minimalist wood-border vanity mirror.', 'Designed to fit beautifully in bathrooms, entryways, or walk-in closets. Can be mounted horizontally or vertically.', 'IKEA-NIS-MIR', 35000.00, 30000.00, 14.29, 4.52, 94, 60, '[{"name": "Color", "values": ["White Ash", "Black Wood", "Natural Oak"]}]'::jsonb, 'active'),
('p0000000-0000-0000-0000-000000000067', 'c0000000-0000-0000-0000-000000000007', 'b0000000-0000-0000-0000-000000000007', 'Dyson Purifier Cool Autoreact Fan', 'dyson-purifier-cool-autoreact', 'Intelligent air purifying fan with active carbon gas filtration.', 'Senses changes in air quality automatically to activate fans. Fully sealed to medical-grade HEPA H13 standards.', 'DYSON-PUR-AR', 520000.00, 480000.00, 7.69, 4.80, 76, 20, '[{"name": "Color", "values": ["Silver/White"]}]'::jsonb, 'active'),
('p0000000-0000-0000-0000-000000000068', 'c0000000-0000-0000-0000-000000000008', 'b0000000-0000-0000-0000-000000000008', 'IKEA HILJA Soft Elegant Window Curtains', 'ikea-hilja-soft-curtains', 'Light filtering, privacy protective pair of window drapes.', 'Filters bright sun rays gently to create warm soft visual settings while blocking direct outsiders view. Easy grommet hanging.', 'IKEA-HIL-CRT', 22000.00, 18000.00, 18.18, 4.41, 145, 110, '[{"name": "Color", "values": ["Soft Pink", "Pale Grey", "White"]}]'::jsonb, 'active'),
('p0000000-0000-0000-0000-000000000069', 'c0000000-0000-0000-0000-000000000007', 'b0000000-0000-0000-0000-000000000008', 'IKEA LOHALS Woven Jute Area Rug', 'ikea-lohals-jute-rug', '100% natural, highly durable thick woven jute floor rug.', 'Beautiful organic tan textures adding warm earth rustic vibes. Ideal for high traffic living spaces or dining zones.', 'IKEA-LOH-RUG', 85000.00, 75000.00, 11.76, 4.58, 85, 30, '[{"name": "Size", "values": ["160x230 cm", "200x300 cm"]}]'::jsonb, 'active'),
('p0000000-0000-0000-0000-000000000070', 'c0000000-0000-0000-0000-000000000007', 'b0000000-0000-0000-0000-000000000008', 'IKEA TJENA Classic Desk Organizer', 'ikea-tjena-desk-organizer', 'Modular hardboard desktop organizing pen and files rack.', 'Keep documents, sticky notes, and styling markers organized cleanly. Beautifully crafted from eco-recycled heavy cardboard.', 'IKEA-TJN-ORG', 12000.00, 10000.00, 16.67, 4.31, 312, 180, '[{"name": "Color", "values": ["Classic Black", "Snow White"]}]'::jsonb, 'active');

-- Category 8: Furniture (c0000000-0000-0000-0000-000000000008)
insert into public.products (id, category_id, brand_id, name, slug, description, long_description, sku, price, sale_price, discount, rating, reviews_count, inventory, options, status) values
('p0000000-0000-0000-0000-000000000071', 'c0000000-0000-0000-0000-000000000008', 'b0000000-0000-0000-0000-000000000008', 'IKEA STRANDMON Velvet Wing Chair', 'ikea-strandmon-wing-chair', 'Iconic retro high-back reading wing armchair in velvet.', 'A classic styling layout revived from 1950s archives. Thick pocket spring core padding provides deep relaxing support.', 'IKEA-STR-CHR', 260000.00, 240000.00, 7.69, 4.88, 120, 25, '[{"name": "Color", "values": ["Nordvalla Dark Grey", "Djuparp Dark Green", "Djuparp Golden Yellow"]}]'::jsonb, 'active'),
('p0000000-0000-0000-0000-000000000072', 'c0000000-0000-0000-0000-000000000008', 'b0000000-0000-0000-0000-000000000008', 'IKEA BILLY Bookcase with Glass Doors', 'ikea-billy-glass-bookcase', 'Scandinavian solid wood structure showcase shelving rack.', 'Adjustable internal glass shelves allow customizing item heights safely. Keeps precious books dust-free.', 'IKEA-BLY-BKCS', 110000.00, 95000.00, 13.64, 4.67, 342, 40, '[{"name": "Color", "values": ["White Stained Oak", "Classic Black-Brown"]}]'::jsonb, 'active'),
('p0000000-0000-0000-0000-000000000073', 'c0000000-0000-0000-0000-000000000008', 'b0000000-0000-0000-0000-000000000008', 'IKEA LACK Minimalist Coffee Table', 'ikea-lack-coffee-table', 'Super lightweight, clean square coffee lounge table.', 'Easy assembling structural components. Sleek storage board below keeps magazines or remotes organized off the top panels.', 'IKEA-LCK-TBL', 32000.00, 28000.00, 12.50, 4.35, 590, 150, '[{"name": "Color", "values": ["High Gloss White", "Matte Black"]}]'::jsonb, 'active'),
('p0000000-0000-0000-0000-000000000074', 'c0000000-0000-0000-0000-000000000008', 'b0000000-0000-0000-0000-000000000008', 'IKEA EKEDALEN Extendable Dining Table', 'ikea-ekedalen-dining-table', 'Durable oak finish extending kitchen family dining table.', 'Extends smoothly from 4 seats up to 8 seats without gap spaces on top. Scratch-resistant matte clear coating.', 'IKEA-EKD-TBL', 240000.00, 220000.00, 8.33, 4.70, 78, 15, '[{"name": "Color", "values": ["Dark Brown Oak", "White Wash Oak"]}]'::jsonb, 'active'),
('p0000000-0000-0000-0000-000000000075', 'c0000000-0000-0000-0000-000000000008', 'b0000000-0000-0000-0000-000000000008', 'IKEA MARKUS High-Back Office Chair', 'ikea-markus-office-chair', 'Professional ergonomic mesh chair with gas lift lock.', 'Breathable vertical mesh backing supports your lumbar. Adjustable tension locks and synchronization lean tilts.', 'IKEA-MRK-CHR', 185000.00, 169000.00, 8.65, 4.76, 214, 35, '[{"name": "Color", "values": ["Glose Black Leather", "Vissle Dark Grey Fabric"]}]'::jsonb, 'active'),
('p0000000-0000-0000-0000-000000000076', 'c0000000-0000-0000-0000-000000000008', 'b0000000-0000-0000-0000-000000000008', 'IKEA MALM Queen Bed Frame with Storage', 'ikea-malm-queen-storage-bed', 'Clean veneer bed structure with 4 pull-out underbed drawers.', 'Incredibly spacious smart drawers wheels rolling smoothly under your sheets. High headrest panel wraps.', 'IKEA-MLM-BED', 380000.00, 350000.00, 7.89, 4.69, 152, 18, '[{"name": "Color", "values": ["White Oak Veneer", "Black-Brown Lacquer"]}]'::jsonb, 'active'),
('p0000000-0000-0000-0000-000000000077', 'c0000000-0000-0000-0000-000000000008', 'b0000000-0000-0000-0000-000000000008', 'IKEA MICKE Compact Computer Desk', 'ikea-micke-computer-desk', 'Minimalist home study workspace with cable hide ports.', 'Compact layout fitting corners beautifully. Drawer guides with pull-out block guards. Sleek storage cupboard.', 'IKEA-MCK-DSK', 75000.00, 68000.00, 9.33, 4.48, 298, 70, '[{"name": "Color", "values": ["White/Oak Effect", "All Black"]}]'::jsonb, 'active'),
('p0000000-0000-0000-0000-000000000078', 'c0000000-0000-0000-0000-000000000008', 'b0000000-0000-0000-0000-000000000008', 'IKEA PAX Modular Bedroom Wardrobe', 'ikea-pax-modular-wardrobe', 'Spacious double wardrobe with soft closing slide hinges.', 'Comes pre-fit with multi-level hangers, shelves, and accessory metal mesh drawers. Highly custom modular configurations.', 'IKEA-PAX-WRD', 680000.00, 620000.00, 8.82, 4.83, 42, 10, '[{"name": "Color", "values": ["White/Mehamn Glass Doors", "Oak/Auli Mirror Doors"]}]'::jsonb, 'active'),
('p0000000-0000-0000-0000-000000000079', 'c0000000-0000-0000-0000-000000000008', 'b0000000-0000-0000-0000-000000000008', 'IKEA BESTÅ Premium TV Media Console', 'ikea-besta-tv-console', 'Glass top, clean push-open drawer TV entertainment board.', 'Clean integrated cable channels routing complex wires hidden beneath modern glass top protectors.', 'IKEA-BST-TV', 195000.00, 180000.00, 7.69, 4.60, 85, 20, '[{"name": "Color", "values": ["Walnut Effect/Dark Glass", "White Gloss/Clear Glass"]}]'::jsonb, 'active'),
('p0000000-0000-0000-0000-000000000080', 'c0000000-0000-0000-0000-000000000008', 'b0000000-0000-0000-0000-000000000008', 'IKEA KALLAX Shelving Unit 4x4', 'ikea-kallax-shelving-unit', 'Modular cube storage organizer display square bookshelf.', 'A versatile layout that can stand tall or lie sideways on walls. Insert custom fabric storage drawers inside cubes.', 'IKEA-KLX-4X4', 88000.00, 79000.00, 10.23, 4.72, 498, 55, '[{"name": "Color", "values": ["Classic White", "Black Wood Effect"]}]'::jsonb, 'active');

-- Category 9: Kitchen (c0000000-0000-0000-0000-000000000009)
insert into public.products (id, category_id, brand_id, name, slug, description, long_description, sku, price, sale_price, discount, rating, reviews_count, inventory, options, status) values
('p0000000-0000-0000-0000-000000000081', 'c0000000-0000-0000-0000-000000000009', 'b0000000-0000-0000-0000-000000000008', 'IKEA VÄRDERA Ceramic Dinnerware (18-Piece)', 'ikea-vardera-dinnerware-set', 'Premium break-resistant square-edge porcelain dinner set.', 'Elegant, high-durability glazed feldspar porcelain plates. Microwave and dishwasher safe. Includes soup bowls, side and main plates.', 'IKEA-VRD-DIN', 48000.00, 42000.00, 12.50, 4.65, 114, 85, '[{"name": "Color", "values": ["Classic Off-White"]}]'::jsonb, 'active'),
('p0000000-0000-0000-0000-000000000082', 'c0000000-0000-0000-0000-000000000009', 'b0000000-0000-0000-0000-000000000007', 'Dyson Airblade Tap Water Filter', 'dyson-airblade-water-filter', 'Dynamic UV sterilizing water filtering smart faucet system.', 'High-performance cellular filtration removes heavy metals and 99.9% of bacteria instantly. Touchless infrared sensor release.', 'DYSON-AB-TAP', 320000.00, 290000.00, 9.38, 4.70, 32, 10, '[{"name": "Bundle", "values": ["Standard Faucet Tap"]}]'::jsonb, 'active'),
('p0000000-0000-0000-0000-000000000083', 'c0000000-0000-0000-0000-000000000009', 'b0000000-0000-0000-0000-000000000002', 'Samsung Family Hub Smart Fridge', 'samsung-family-hub-smart-fridge', '650L double door intelligent refrigerator with touch display.', 'Features dynamic triple cooling zones. Integrated internal cameras track stock expiry date alerts synced directly to your phone.', 'SAM-HUB-FRG', 3800000.00, 3600000.00, 5.26, 4.90, 14, 5, '[{"name": "Warranty", "values": ["2 Year", "5 Year Premium Protection"]}]'::jsonb, 'active'),
('p0000000-0000-0000-0000-000000000084', 'c0000000-0000-0000-0000-000000000009', 'b0000000-0000-0000-0000-000000000003', 'Sony Smart Induction Hot Kettle', 'sony-smart-induction-kettle', 'High-frequency silent heat electric kettle with temperature app controls.', 'Maintains perfect baby formula or green tea temperature bounds using high precision thermal chips. Sleek insulated dual shell.', 'SONY-SMT-KTL', 95000.00, 85000.00, 10.53, 4.58, 76, 45, '[{"name": "Color", "values": ["Matte Black", "Chalk White"]}]'::jsonb, 'active'),
('p0000000-0000-0000-0000-000000000085', 'c0000000-0000-0000-0000-000000000009', 'b0000000-0000-0000-0000-000000000008', 'IKEA 365+ Stainless Steel Cookware (7-Piece)', 'ikea-365-cookware-set', 'Professional thick aluminum-core base steel pot set.', 'Features optimal heat distributions avoiding hot-spots. Works brilliantly on all stoves including induction. Glass lids.', 'IKEA-365-POT', 85000.00, 75000.00, 11.76, 4.72, 198, 60, '[{"name": "Bundle", "values": ["7-Piece Pots Set"]}]'::jsonb, 'active'),
('p0000000-0000-0000-0000-000000000086', 'c0000000-0000-0000-0000-000000000009', 'b0000000-0000-0000-0000-000000000008', 'IKEA VÖRDA Professional Chef Knife', 'ikea-vorda-chef-knife', 'Perfectly balanced molybdenum/vanadium steel kitchen knife.', 'Stays sharp for exceptional lifespans. Molded slip-resistant grooved synthetic rubber handle yields extremely safe grip lines.', 'IKEA-VRD-KNF', 18000.00, 15000.00, 16.67, 4.60, 312, 120, '[{"name": "Size", "values": ["20 cm Blade"]}]'::jsonb, 'active'),
('p0000000-0000-0000-0000-000000000087', 'c0000000-0000-0000-0000-000000000009', 'b0000000-0000-0000-0000-000000000002', 'Samsung NeoChefs Smart Microwave', 'samsung-neochef-microwave', '42L high power microwave oven with smart inverter tech.', 'Allows high-speed thawing, frying, and dynamic baking. Features antibacterial internal enamel lining blocks odors.', 'SAM-NEO-MW', 195000.00, 180000.00, 7.69, 4.65, 89, 30, '[{"name": "Color", "values": ["Reflective Black Glass", "Stainless Silver"]}]'::jsonb, 'active'),
('p0000000-0000-0000-0000-000000000088', 'c0000000-0000-0000-0000-000000000008', 'b0000000-0000-0000-0000-000000000008', 'IKEA BEKVÄM Solid Birch Spice Rack', 'ikea-bekvam-spice-rack', 'Solid natural wood spice shelf holder or book stand.', 'Completely natural birch panels. Easy painting styling or mountings directly on drywall or cabinets margins.', 'IKEA-BKV-SPC', 9500.00, 8000.00, 15.79, 4.54, 498, 200, '[{"name": "Bundle", "values": ["1x Wall Shelf", "3x Value Combo Pack"]}]'::jsonb, 'active'),
('p0000000-0000-0000-0000-000000000089', 'c0000000-0000-0000-0000-000000000009', 'b0000000-0000-0000-0000-000000000008', 'IKEA PROPPMÄTT Solid Beech Cutting Board', 'ikea-proppmatt-cutting-board', 'Large heavy organic beech wood chopping board.', 'A robust chopping panel gentle on knife blades. Double-sided use incorporating milled juice tracking groove margins.', 'IKEA-PRP-CTB', 14000.00, 12000.00, 14.29, 4.61, 234, 150, '[{"name": "Size", "values": ["38x27 cm", "45x36 cm Large"]}]'::jsonb, 'active'),
('p0000000-0000-0000-0000-000000000090', 'c0000000-0000-0000-0000-000000000009', 'b0000000-0000-0000-0000-000000000008', 'IKEA HÅLLBAR Pull-out Recycling Bin', 'ikea-hallbar-recycling-bin', 'Smart sliding kitchen cabinet recycling trash can.', 'Molded to fit standard kitchen under-sink shelves smoothly. Keeps odors locked inside double sealed lids.', 'IKEA-HLB-BIN', 22000.00, 18000.00, 18.18, 4.45, 114, 90, '[{"name": "Bundle", "values": ["Standard 20L Bin", "Double Sorting Combo Kit"]}]'::jsonb, 'active');

-- Category 10: Fitness (c0000000-0000-0000-0000-000000000010)
insert into public.products (id, category_id, brand_id, name, slug, description, long_description, sku, price, sale_price, discount, rating, reviews_count, inventory, options, status) values
('p0000000-0000-0000-0000-000000000091', 'c0000000-0000-0000-0000-000000000010', 'b0000000-0000-0000-0000-000000000009', 'Under Armour Storm Contender Gym Bag', 'under-armour-storm-gym-bag', 'Heavy duty tactical duffel bag with water repellent coating.', 'Equipped with highly ventilated mesh laundry shoe pockets, padded shoulder straps, and massive water-resistant base boards.', 'UA-STRM-DUF', 65000.00, 58000.00, 10.77, 4.79, 142, 90, '[{"name": "Color", "values": ["Stealth Black", "Navy Blue Camo"]}]'::jsonb, 'active'),
('p0000000-0000-0000-0000-000000000092', 'c0000000-0000-0000-0000-000000000010', 'b0000000-0000-0000-0000-000000000009', 'Under Armour Meridian Training Leggings', 'under-armour-meridian-leggings', 'Buttery-soft, high-rise compression athletic training tights.', 'Woven from specialized performance meridian fibers that wick sweat immediately. Hidden phone holster pockets on hip lines.', 'UA-MRD-LGG', 54000.00, 49000.00, 9.26, 4.80, 241, 110, '[{"name": "Size", "values": ["XS", "S", "M", "L", "XL"]}]'::jsonb, 'active'),
('p0000000-0000-0000-0000-000000000093', 'c0000000-0000-0000-0000-000000000010', 'b0000000-0000-0000-0000-000000000004', 'Nike Mastery Sticky Yoga Mat', 'nike-mastery-yoga-mat', 'Natural rubber high-grip training and stretching yoga mat.', 'Incorporates recycled rubber surfaces providing extreme non-slip feedback when wet from sweat. Lightweight and roll-friendly.', 'NIKE-MST-YGA', 68000.00, 59000.00, 13.24, 4.67, 98, 55, '[{"name": "Color", "values": ["Stone Grey", "Sage Green"]}]'::jsonb, 'active'),
('p0000000-0000-0000-0000-000000000094', 'c0000000-0000-0000-0000-000000000010', 'b0000000-0000-0000-0000-000000000005', 'Adidas Adjustable Cast Iron Dumbbell Set', 'adidas-adjustable-dumbbells', 'High-speed dial selecting heavy duty adjustable handweights.', 'Quick-turn dialing selector lets you adapt loads from 2.5 kg up to 24 kg instantly. Heavy-duty rubberized ergonomic grips.', 'ADID-ADJ-DBL', 240000.00, 220000.00, 8.33, 4.88, 64, 15, '[{"name": "Bundle", "values": ["Single Dumbbell", "Pair Value Pack"]}]'::jsonb, 'active'),
('p0000000-0000-0000-0000-000000000095', 'c0000000-0000-0000-0000-000000000010', 'b0000000-0000-0000-0000-000000000009', 'Under Armour Performance Sweatband Set', 'under-armour-sweatbands', 'Multi-pack high stretch moisture-absorbing head & wrist bands.', 'Specialized multi-channel moisture wicking fibers. Keeps hands and eyes clear of sweat during intensive sessions.', 'UA-SWT-SET', 12000.00, 10000.00, 16.67, 4.41, 412, 160, '[{"name": "Color", "values": ["Classic White", "All Black"]}]'::jsonb, 'active'),
('p0000000-0000-0000-0000-000000000096', 'c0000000-0000-0000-0000-000000000010', 'b0000000-0000-0000-0000-000000000009', 'Under Armour Vacuum Insulated Water Bottle', 'under-armour-insulated-bottle', 'Double-walled stainless steel cooling training water flask.', 'Keeps drinks freezing cold for up to 24 hours. Leaking-proof lock-down lid and flexible rubber carrying hooks.', 'UA-FLSK-INS', 28000.00, 24000.00, 14.29, 4.69, 189, 130, '[{"name": "Color", "values": ["High Gloss Pink", "Graphite Black", "Silver"]}]'::jsonb, 'active'),
('p0000000-0000-0000-0000-000000000097', 'c0000000-0000-0000-0000-000000000010', 'b0000000-0000-0000-0000-000000000009', 'Under Armour Latex Resistance Bands (3-Pack)', 'under-armour-resistance-bands', 'Premium heavy-duty latex fitness stretching loop bands.', 'Three distinct resistance levels (Light, Medium, Heavy) with inner non-rolling grip stripes. Includes mesh carrier bag.', 'UA-RST-BND', 18000.00, 15000.00, 16.67, 4.54, 214, 180, '[{"name": "Bundle", "values": ["3-Bands Bundle Set"]}]'::jsonb, 'active'),
('p0000000-0000-0000-0000-000000000098', 'c0000000-0000-0000-0000-000000000001', 'b0000000-0000-0000-0000-000000000001', 'Apple Watch Nike Sports Band', 'apple-watch-nike-band', 'Dynamic, compression-molded perforated sports watch strap.', 'High-performance synthetic fluoroelastomer with breathability holes. Highly resistant, soft on skin, pin-and-tuck locks.', 'APL-NK-BAND', 65000.00, 59000.00, 9.23, 4.78, 142, 95, '[{"name": "Color", "values": ["Midnight/Sky Blue", "Starlight/Pink"]}]'::jsonb, 'active'),
('p0000000-0000-0000-0000-000000000099', 'c0000000-0000-0000-0000-000000000010', 'b0000000-0000-0000-0000-000000000004', 'Nike Premium Training Weight Gloves', 'nike-weight-gloves', 'Heavy-duty padded leather palm micro-ventilated workout gloves.', 'Ensures reliable bar friction and calluses protection. Integrated hook-and-loop adjustable elastic wrist wraps.', 'NIKE-WGT-GLV', 22000.00, 19000.00, 13.64, 4.48, 114, 120, '[{"name": "Size", "values": ["S", "M", "L", "XL"]}]'::jsonb, 'active'),
('p0000000-0000-0000-0000-000000000100', 'c0000000-0000-0000-0000-000000000010', 'b0000000-0000-0000-0000-000000000005', 'Adidas High-Speed Ball bearing Jump Rope', 'adidas-speed-jump-rope', 'Tangle-free steel cable speed skipping rope with foam grips.', 'Equipped with 360-degree high-frequency smooth rotation metal ball bearings. Easily adjustable steel cable length.', 'ADID-JMP-RPE', 14000.00, 12000.00, 14.29, 4.51, 312, 190, '[{"name": "Color", "values": ["Signal Green", "Base Black"]}]'::jsonb, 'active');

-- ====================================================
-- 5. SEED PRODUCT VARIANTS
-- ====================================================

-- For key smartphones/laptops we seed explicit variants matching pricing options
-- Product p0000000-0000-0000-0000-000000000011: iPhone 16 Pro Max
insert into public.product_variants (id, product_id, sku, price, sale_price, inventory, attributes) values
(gen_random_uuid(), 'p0000000-0000-0000-0000-000000000011', 'APL-IPH16PM-256-DES', 2400000.00, 2250000.00, 30, '{"Color": "Desert Titanium", "Storage": "256GB"}'::jsonb),
(gen_random_uuid(), 'p0000000-0000-0000-0000-000000000011', 'APL-IPH16PM-512-DES', 2700000.00, 2550000.00, 25, '{"Color": "Desert Titanium", "Storage": "512GB"}'::jsonb),
(gen_random_uuid(), 'p0000000-0000-0000-0000-000000000011', 'APL-IPH16PM-1TB-DES', 3100000.00, 2950000.00, 15, '{"Color": "Desert Titanium", "Storage": "1TB"}'::jsonb),
(gen_random_uuid(), 'p0000000-0000-0000-0000-000000000011', 'APL-IPH16PM-256-NAT', 2400000.00, 2250000.00, 30, '{"Color": "Natural Titanium", "Storage": "256GB"}'::jsonb);

-- Product p0000000-0000-0000-0000-000000000012: Galaxy S25 Ultra
insert into public.product_variants (id, product_id, sku, price, sale_price, inventory, attributes) values
(gen_random_uuid(), 'p0000000-0000-0000-0000-000000000012', 'SAM-S25ULT-256-GRY', 2300000.00, 2150000.00, 40, '{"Color": "Titanium Gray", "Storage": "256GB"}'::jsonb),
(gen_random_uuid(), 'p0000000-0000-0000-0000-000000000012', 'SAM-S25ULT-512-GRY', 2580000.00, 2430000.00, 30, '{"Color": "Titanium Gray", "Storage": "512GB"}'::jsonb);

-- Product p0000000-0000-0000-0000-000000000021: MacBook Pro 16
insert into public.product_variants (id, product_id, sku, price, sale_price, inventory, attributes) values
(gen_random_uuid(), 'p0000000-0000-0000-0000-000000000021', 'APL-MBP16-M4M-1T-1Y', 4800000.00, 4600000.00, 8, '{"Storage": "1TB SSD", "Warranty": "1 Year"}'::jsonb),
(gen_random_uuid(), 'p0000000-0000-0000-0000-000000000021', 'APL-MBP16-M4M-2T-3Y', 5400000.00, 5150000.00, 4, '{"Storage": "2TB SSD", "Warranty": "3 Year AppleCare+"}'::jsonb);

-- ====================================================
-- 6. SEED PRODUCT IMAGES
-- ====================================================

-- We link beautiful, high-quality, generic unsplash images to showcase flagship products
insert into public.product_images (product_id, url, alt_text, is_primary) values
('p0000000-0000-0000-0000-000000000001', 'https://images.unsplash.com/photo-1505740420928-5e560c06d30e?q=80&w=600', 'Sony WH-1000XM5 headphones premium black', true),
('p0000000-0000-0000-0000-000000000011', 'https://images.unsplash.com/photo-1511707171634-5f897ff02aa9?q=80&w=600', 'Apple iPhone 16 Pro Max titanium desert gold', true),
('p0000000-0000-0000-0000-000000000012', 'https://images.unsplash.com/photo-1610945265064-0e34e5519bbf?q=80&w=600', 'Samsung Galaxy Ultra series render', true),
('p0000000-0000-0000-0000-000000000021', 'https://images.unsplash.com/photo-1517336714731-489689fd1ca8?q=80&w=600', 'Apple MacBook Pro elegant laptop profile', true),
('p0000000-0000-0000-0000-000000000041', 'https://images.unsplash.com/photo-1595950653106-6c9ebd614d3a?q=80&w=600', 'Nike Air Force 1 sneaker clean', true),
('p0000000-0000-0000-0000-000000000042', 'https://images.unsplash.com/photo-1542291026-7eec264c27ff?q=80&w=600', 'Adidas running active sneaker orange', true);
